network,n_nodes,n_edges,lambda2_real,phi_lower,phi_upper,lambda2_config_mean,lambda2_config_std,lambda2_er_mean,lambda2_er_std,ratio_vs_config,ratio_vs_er,class_m_signature
Bitcoin_OTC,5875,21489,0.039776557359333914,0.019888278679666957,0.2820516171176259,0.09583755399518239,0.02024074138654131,0.29153970389102496,0.02700528684912438,0.41504144984056485,0.13643615887804444,True
Bitcoin_Alpha,3775,14120,0.03978968343386546,0.01989484171693273,0.282098151124269,0.10162428093965994,0.024172487900125113,0.30630655094132253,0.022977150507376157,0.39153717070323807,0.12990150981618329,True
