Network,gamma_in,gamma_out,gini,lambda_2,class_m_votes,total_votes,classification
HEP-PH,2.682632748443932,2.9469277520493513,0.6420408453506581,0.015715725278194467,4,4,Class M
