network,n_orig,m_orig,n,m,d_s_weyl,r2_weyl,d_s_hk,r2_hk,beta_weyl,beta_hk
CondMat (Physics),21363,91342,1500,5986,2.448588371024431,0.9867875395287098,2.6954753853094044,0.9233199800737115,0.7100262796214957,0.7293988199798888
AstroPh (Physics),17903,197031,1500,16250,2.82828501811185,0.9973528148583302,3.034799041675114,0.9555354598541161,0.7387864291010363,0.7521561818392736
GrQc (Physics),4158,13428,1500,6285,3.046861914951302,0.8452657380346553,3.014836689132896,0.9259742903279351,0.7528949539134365,0.750923866291564
Angular v2,220,672,220,672,0.9915995287524124,0.9520787817603235,0.6270187496960462,0.7722139428058411,0.49789102399194435,0.38537893297983417
Angular v5,270,704,270,704,1.1265737509721563,0.9499100899375046,1.0464189009473588,0.7388208670345844,0.5297600191186159,0.5113414953619394
Angular v8,173,606,173,606,0.7015682443913563,0.8385299170202736,0.6615413948470185,0.781865863486316,0.4123068508735036,0.3981492106658757
Angular v11,107,294,107,294,0.7774489022127965,0.9543395261777854,0.9670998028766751,0.81113362852749,0.43739592246220316,0.49163738487614816
