network,n_orig,m_orig,n,m,d_s_weyl,r2_weyl,d_s_hk,r2_hk,beta_weyl,beta_hk
CondMat (Physics),21363,91342,1500,5986,2.448588371024431,0.9867875395287098,2.6954753853094044,0.9233199800737116,0.7100262796214957,0.7293988199798888
AstroPh (Physics),17903,197031,1500,16250,2.82828501811185,0.9973528148583302,3.034799041675114,0.955535459854116,0.7387864291010363,0.7521561818392736
GrQc (Physics),4158,13428,1500,6285,3.046861914951302,0.8452657380346553,3.014836689132896,0.9259742903279352,0.7528949539134365,0.750923866291564
Angular v2,220,672,220,672,7.707850789990461,0.7307251703205597,3.190330725786367,0.9585480638027579,0.8851611006989826,0.761355352252694
Angular v5,270,704,270,704,8.847243060564127,0.5333846984948194,2.467289680437244,0.9902102590246171,0.898448733940085,0.7115902932362159
Angular v8,173,606,173,606,10.534755607243483,0.4797652910019339,2.9874783942911076,0.9354280741226848,0.9133054887290347,0.7492149420968136
Angular v11,107,294,107,294,4.775922023233908,0.8652301995138222,2.715990936256481,0.96667311479346,0.8268674687820482,0.7308927774168879
