bin,n_repos,beta_mean,beta_variance,ratio_to_baseline
Tiny (5-10),11847,1.6179330345521115,0.00132,1.0
Small (10-20),4802,1.3702331385038202,0.00322,2.4393939393939394
Medium (20-50),2121,1.2200435751079806,0.00404,3.0606060606060606
Large (50-100),445,1.234552004533129,0.03208,24.3030303030303
V.Large (100-200),127,0.6805546219241305,0.07424,56.24242424242424
Massive (200-500),60,0.3697322439360558,0.05851,44.32575757575758
