network,degree_type,gamma,sigma,xmin,n_samples,n_above_xmin,R_vs_exponential,p_vs_exponential,R_vs_lognormal,p_vs_lognormal,R_vs_truncated_pl,p_vs_truncated_pl
Epinions,in,1.6986802017910358,0.0030651829669301562,1.0,51957,51957,55.84202700907197,0.0,-18.19976482314703,5.18298147450748e-74,-22.730124245914745,0.0
Epinions,out,1.7131750158620482,0.0029032863272191994,1.0,60341,60341,65.24273823547944,0.0,-25.04014171067852,2.2356550332801214e-138,-27.004323502165636,0.0
Bitcoin_OTC,in,2.269497553246336,0.05604968621632252,14.0,5858,513,3.3950699026608193,0.0006861108042615062,-2.2102910032334213,0.027084972615108123,-2.571463268182167,0.00016164030562215714
Bitcoin_OTC,out,2.0594454510583615,0.033043195755961395,7.0,4814,1028,5.529130570689132,3.2182175293672903e-08,-3.029560719505344,0.0024490966816735327,-3.3907991714701304,1.7261896823050904e-07
Bitcoin_Alpha,in,2.2257214735240174,0.05554274175367265,11.0,3754,487,3.133432858706372,0.0017277444111967618,-2.460788898962344,0.013863190902636538,-2.938180808505775,2.123257963526637e-05
Bitcoin_Alpha,out,2.1207467606557664,0.04336299405914039,8.0,3286,668,4.514450469682795,6.3481155752323146e-06,-2.531717267684089,0.011350547307119846,-3.167450744182693,4.592471903319684e-06
