d,beta_theory,beta_fit,R2,test
2,0.6666666666666666,0.6666666666666664,1.0,theoretical
3,0.75,0.7499999999999999,1.0,theoretical
4,0.8,0.7999999999999999,1.0,theoretical
2,0.6666666666666666,0.6578153063963726,0.9960424982318467,noisy
3,0.75,0.7540324260875407,0.9937914995938999,noisy
4,0.8,0.8003240569011332,0.9963098248441069,noisy
